{"schemaVersion":"1.0","appDefinitionTemplate":{"id":"/providers/Microsoft.PowerApps/apps/","type":"Microsoft.PowerApps/apps","tags":{"primaryDeviceWidth":"1366","primaryDeviceHeight":"768","supportsPortrait":"true","supportsLandscape":"true","primaryFormFactor":"Tablet","publisherVersion":"3.23034.13","minimumRequiredApiVersion":"2.2.0","hasComponent":"false","hasUnlockedComponent":"false","isUnifiedRootApp":"false","sienaVersion":"20230405T161004Z-3.23034.13.0"},"properties":{"appVersion":"2023-04-05T16:10:04Z","lifeCycleId":"Published","createdByClientVersion":{"major":3,"minor":23034,"build":13,"revision":0,"majorRevision":0,"minorRevision":0},"minClientVersion":{"major":3,"minor":23034,"build":13,"revision":0,"majorRevision":0,"minorRevision":0},"backgroundColor":"RGBA(0,176,240,1)","backgroundImageUri":"/820957859862392486/N34dd4731-734e-473f-a438-cb12f4761c23-logoSmallFile","displayName":"Archive Investment Tracker","description":"","commitMessage":"","appUris":{"documentUri":{"value":"/820957859862392486/Nf22dbdb8-5d76-405b-b97e-6c0c64762dd9-document.msapp"},"imageUris":[],"additionalUris":[]},"createdTime":"0001-01-01T00:00:00Z","lastModifiedTime":"0001-01-01T00:00:00Z","sharedGroupsCount":0,"sharedUsersCount":0,"connectionReferences":{"82b5454d-87cd-4db2-a3bd-db9478e9d9ff":{"id":"b1b1f0d1-2ac9-41c9-ae22-587cf069a42e","displayName":"Logic flows","iconUri":"https://connectoricons-prod.azureedge.net/releases/v1.0.1615/1.0.1615.3163/logicflows/icon.png","dataSources":["ArchiveInvestmentTracker"],"dependencies":["b1c8f104-126f-435b-b773-0d682bc03452"],"dependents":[],"parameterHints":{"workflowName":{"value":"c15ac3a2-7a21-4d29-9ec4-bb892a43cfbb"},"workflowEntityId":{},"b1c8f104-126f-435b-b773-0d682bc03452":{"value":"shared_sharepointonline"}},"parameterHintsV2":{"workflowName":{"value":"c15ac3a2-7a21-4d29-9ec4-bb892a43cfbb"},"workflowEntityId":{},"shared_sharepointonline":{"value":"b1c8f104-126f-435b-b773-0d682bc03452"}},"isOnPremiseConnection":false,"dataSets":{},"apiTier":"Standard","isCustomApiConnection":false,"actions":["Run"],"nestedActions":[{"id":"/providers/Microsoft.PowerApps/apis/shared_sharepointonline/apiOperations/GetFileContent","apiName":"SharePoint","actionName":"GetFileContent","referencedResources":[{"key":"site","value":"https://022gc.sharepoint.com/sites/ManagementandOversight-InvestmentPlanningHCSolutionsFund-SCF"}]},{"id":"/providers/Microsoft.PowerApps/apis/shared_sharepointonline/apiOperations/CreateFile","apiName":"SharePoint","actionName":"CreateFile","referencedResources":[{"key":"site","value":"https://022gc.sharepoint.com/sites/ManagementandOversight-InvestmentPlanningHCSolutionsFund-SCF"}]}]},"b1c8f104-126f-435b-b773-0d682bc03452":{"id":"44f18d5c-4da6-4aab-b2d7-6d1e3bfb0302","displayName":"SharePoint","iconUri":"https://connectoricons-prod.azureedge.net/releases/v1.0.1627/1.0.1627.3238/sharepointonline/icon.png","dataSources":[],"dependencies":[],"dependents":["82b5454d-87cd-4db2-a3bd-db9478e9d9ff"],"parameterHints":{},"parameterHintsV2":{},"isOnPremiseConnection":false,"dataSets":{},"apiTier":"Standard","isCustomApiConnection":false}},"databaseReferences":{},"almMode":"Environment","performanceOptimizationEnabled":true,"canConsumeAppPass":true,"enableModernRuntimeMode":false,"executionRestrictions":{"isTeamsOnly":false,"dataLossPreventionEvaluationResult":{"status":"Compliant","lastEvaluationDate":"2023-04-05T16:10:07.4171619Z","violations":[],"violationsByPolicy":[],"violationErrorMessage":"The app uses the following connectors: shared_logicflows, shared_sharepointonline."},"httpActionRestriction":{"appUsesSharepointHttpAction":false,"enforcementStrategy":"Legacy","evaluationTime":"2023-04-05T16:10:07.4171029Z"}}},"appType":"ClassicCanvasApp","appComponents":[]}}